vtkOriginalPointIds,Points:0,Points:1,Points:2,__vtkIsSelected__,displacements:0,displacements:1,displacements:2
175,0,0.875,0,0,-8.86419e-24,-0.022355,0
176,0.125,0.875,0,0,-0.000227648,-0.0221617,0
200,0,1,0,0,-1.02956e-23,-0.0225855,0
201,0.125,1,0,0,-0.000461515,-0.0220311,0
