vtkOriginalPointIds,Points:0,Points:1,Points:2,__vtkIsSelected__,displacements:0,displacements:1,displacements:2
0,0,0,0,1,0,-0.0114499,0
1,0.125,0,0,1,7.1087e-05,-0.011436,0
25,0,0.125,0,0,0,-0.0114692,0
26,0.125,0.125,0,0,4.53693e-05,-0.0114558,0
175,0,0.875,0,0,0,-0.0116697,0
176,0.125,0.875,0,0,-4.54016e-06,-0.0116419,0
200,0,1,0,0,0,-0.0116749,0
201,0.125,1,0,0,-4.35093e-05,-0.0116301,0
