vtkOriginalPointIds,Points:0,Points:1,Points:2,__vtkIsSelected__,displacement:0,displacement:1,displacement:2
25,0,0,0,0,0,-0.00518599,0
26,0.125,0,0,0,9.54595e-05,-0.00517383,0
27,0.125,0.125,0,0,7.16995e-05,-0.00520152,0
28,0,0.125,0,0,0,-0.00521385,0
