vtkOriginalPointIds,Points:0,Points:1,Points:2,__vtkIsSelected__,displacements:0,displacements:1,displacements:2
175,0,0.875,0,0,-2.3848e-23,-0.0166282,0
176,0.125,0.875,0,0,-8.23108e-05,-0.0165239,0
200,0,1,0,0,-6.51968e-23,-0.0166726,0
201,0.125,1,0,0,-0.000195942,-0.016467,0
